Added a new package,
Added a new package,2022/05/10 17:59:48
Added a new package,2022/05/10 18:28:49
Added a new package,2022/05/10 19:03:20
Added a new package,2022/05/10 19:24:28
Added a new package,2022/05/10 19:25:57
Added a new package,2022/05/10 19:27:03
Added a new package,2022/05/10 19:27:34
Added a new package,2022/05/10 19:30:05
Added a new package,2022/05/10 19:31:18
Added a new package,2022/05/10 19:33:16
Added a new package,2022/05/10 19:34:53
Added a new package,2022/05/10 19:37:49
Added a new drive,2022/05/10 19:41:54
Added a new drive,2022/05/10 19:43:19
Added a new package,2022/05/10 19:45:30
Added a new package,2022/05/10 19:46:11
Added a new drive,2022/05/10 19:49:45
Added a new package,2022/05/10 19:55:08
Added a new package,2022/05/10 19:56:40
Added a new package,2022/05/10 19:58:38
Added a new package,2022/05/10 19:59:07
Added a new drive,2022/05/10 20:01:25
Added a new package,2022/05/10 20:05:09
Added a new drive,2022/05/10 20:05:52
Added a new drive,2022/05/10 20:07:59
Added a new package,2022/05/10 20:24:38
Added a new package,2022/05/10 20:24:54
Added a new package,2022/05/10 20:25:14
Added a new drive,2022/05/10 20:28:45
Added a new drive,2022/05/10 20:30:20
Added a new package,2022/05/10 20:32:43
Added a new package,2022/05/10 20:36:04
Added a new package,2022/05/10 20:44:51
Added a new drive,2022/05/10 20:51:32
Added a new package,2022/05/11 09:01:35
Added a new package,2022/05/11 09:03:50
Added a new package,2022/05/11 09:07:10
Added a new package,2022/05/11 09:08:18
Added a new cars,2022/05/11 09:28:00
Added a new cars,2022/05/11 09:30:10
